,index,label,prediction,FinalLabel
0,215,4,2,False
1,429,9,6,False
2,53,1,1,True
3,3,0,0,True
4,95,1,1,True
5,403,8,6,False
6,197,3,2,False
7,55,1,0,False
8,276,5,5,True
9,140,2,2,True
10,102,2,1,False
11,172,3,2,False
12,103,2,2,True
13,229,4,4,True
14,269,5,5,True
15,445,10,6,False
16,139,2,2,True
17,190,3,1,False
18,227,4,2,False
19,220,4,2,False
20,41,0,0,True
21,286,5,2,False
22,222,4,5,False
23,40,0,0,True
24,132,2,2,True
25,174,3,2,False
26,109,2,2,True
27,171,3,4,False
28,447,10,3,False
29,448,10,6,False
30,82,1,1,True
31,354,7,5,False
32,288,5,2,False
33,136,2,1,False
34,240,4,2,False
35,295,5,2,False
36,61,1,1,True
37,209,3,2,False
38,71,1,1,True
39,390,8,4,False
40,412,8,4,False
41,185,3,2,False
42,83,1,1,True
43,309,5,2,False
44,342,6,5,False
45,250,4,2,False
46,162,3,2,False
47,397,8,6,False
48,207,3,3,True
49,335,6,6,True
50,325,6,5,False
51,6,0,0,True
52,101,2,2,True
53,385,7,5,False
54,462,11,5,False
55,27,0,0,True
56,145,2,2,True
57,135,2,2,True
58,424,9,6,False
59,376,7,5,False
60,363,7,5,False
61,372,7,4,False
62,418,8,5,False
63,407,8,4,False
64,282,5,5,True
65,134,2,2,True
66,346,6,5,False
67,444,10,8,False
68,410,8,5,False
69,112,2,2,True
70,241,4,2,False
71,180,3,3,True
72,384,7,5,False
73,63,1,1,True
74,37,0,0,True
75,60,1,0,False
76,482,11,4,False
77,66,1,1,True
78,382,7,5,False
79,70,1,1,True
80,401,8,2,False
81,193,3,2,False
82,255,4,3,False
83,110,2,1,False
84,196,3,2,False
85,177,3,2,False
86,191,3,3,True
87,152,2,2,True
88,167,3,3,True
89,454,10,8,False
90,225,4,3,False
91,54,1,0,False
92,21,0,0,True
93,463,11,5,False
94,322,6,5,False
95,349,6,3,False
96,340,6,5,False
97,344,6,2,False
98,375,7,5,False
99,427,9,11,False
100,218,4,3,False
101,457,10,9,False
102,192,3,4,False
103,42,0,0,True
104,466,11,11,True
105,154,2,1,False
106,179,3,2,False
107,211,3,2,False
108,96,1,0,False
109,290,5,2,False
110,336,6,4,False
111,328,6,5,False
112,446,10,6,False
113,311,6,6,True
114,472,11,11,True
115,468,11,11,True
116,67,1,0,False
117,125,2,2,True
118,265,5,5,True
119,99,2,1,False
120,148,2,2,True
121,113,2,2,True
122,267,5,3,False
123,24,0,0,True
124,326,6,5,False
125,246,4,3,False
126,249,4,2,False
127,441,9,4,False
128,86,1,1,True
129,383,7,5,False
130,157,2,1,False
131,285,5,5,True
132,238,4,2,False
133,476,11,8,False
134,100,2,2,True
135,365,7,3,False
136,413,8,4,False
137,158,2,2,True
138,289,5,3,False
139,77,1,1,True
140,33,0,0,True
141,253,4,2,False
142,233,4,2,False
143,312,6,2,False
144,277,5,2,False
145,433,9,11,False
146,352,6,2,False
147,69,1,0,False
148,153,2,2,True
149,234,4,3,False
150,28,0,0,True
151,330,6,6,True
152,203,3,2,False
153,439,9,11,False
154,52,1,1,True
155,159,3,3,True
156,7,0,0,True
157,321,6,5,False
158,214,4,3,False
159,146,2,3,False
160,78,1,1,True
161,44,1,0,False
162,432,9,5,False
163,124,2,1,False
164,351,6,5,False
165,204,3,3,True
166,442,9,5,False
167,43,0,0,True
168,173,3,2,False
169,14,0,0,True
170,461,10,5,False
171,274,5,2,False
172,4,0,0,True
173,228,4,5,False
174,475,11,11,True
175,341,6,3,False
176,65,1,1,True
177,379,7,4,False
178,13,0,0,True
179,280,5,3,False
180,283,5,2,False
181,73,1,1,True
182,150,2,2,True
183,247,4,2,False
184,178,3,2,False
185,93,1,1,True
186,131,2,2,True
187,80,1,1,True
188,224,4,5,False
189,360,7,6,False
190,367,7,5,False
191,38,0,0,True
192,26,0,1,False
193,30,0,0,True
194,449,10,9,False
195,213,4,2,False
196,212,3,2,False
197,387,8,6,False
198,414,8,6,False
199,118,2,2,True
200,304,5,4,False
201,29,0,0,True
202,469,11,3,False
203,117,2,2,True
204,199,3,2,False
205,187,3,2,False
206,301,5,5,True
207,133,2,2,True
208,137,2,2,True
209,380,7,6,False
210,237,4,5,False
211,394,8,2,False
212,18,0,0,True
213,5,0,0,True
214,232,4,2,False
215,258,4,2,False
216,188,3,3,True
217,362,7,5,False
218,32,0,0,True
219,85,1,1,True
220,81,1,1,True
221,202,3,2,False
222,260,4,2,False
223,72,1,1,True
224,119,2,2,True
225,151,2,2,True
226,474,11,5,False
227,343,6,5,False
228,97,2,2,True
229,114,2,2,True
230,317,6,5,False
231,470,11,5,False
232,262,5,3,False
233,231,4,3,False
234,419,9,8,False
235,19,0,0,True
236,366,7,6,False
237,386,7,5,False
238,287,5,2,False
239,460,10,5,False
240,248,4,3,False
241,381,7,5,False
242,22,0,0,True
243,175,3,2,False
244,464,11,6,False
245,51,1,2,False
246,268,5,2,False
247,144,2,2,True
248,331,6,5,False
249,235,4,3,False
250,402,8,11,False
251,310,5,4,False
252,121,2,2,True
253,169,3,2,False
254,284,5,3,False
255,364,7,3,False
256,425,9,6,False
257,45,1,1,True
258,334,6,4,False
259,415,8,6,False
260,430,9,5,False
261,292,5,3,False
262,395,8,4,False
263,206,3,3,True
264,186,3,2,False
265,264,5,2,False
266,456,10,5,False
267,47,1,1,True
268,345,6,3,False
269,11,0,0,True
270,303,5,6,False
271,308,5,5,True
272,299,5,2,False
273,189,3,2,False
274,337,6,6,True
275,143,2,2,True
276,400,8,11,False
277,170,3,1,False
278,216,4,2,False
279,318,6,5,False
280,438,9,5,False
281,75,1,1,True
282,210,3,2,False
283,164,3,2,False
284,389,8,2,False
285,272,5,4,False
286,261,5,5,True
287,431,9,8,False
288,230,4,2,False
289,161,3,2,False
290,319,6,5,False
291,104,2,2,True
292,356,7,5,False
293,46,1,1,True
294,219,4,2,False
295,155,2,1,False
296,195,3,2,False
297,281,5,2,False
298,236,4,3,False
299,369,7,10,False
300,12,0,0,True
301,10,0,0,True
302,242,4,2,False
303,279,5,2,False
304,370,7,6,False
305,421,9,5,False
306,87,1,1,True
307,89,1,1,True
308,128,2,2,True
309,226,4,4,True
310,91,1,1,True
311,184,3,2,False
312,313,6,6,True
313,406,8,5,False
314,205,3,3,True
315,257,4,2,False
316,116,2,1,False
317,480,11,6,False
318,31,0,0,True
319,273,5,4,False
320,316,6,9,False
321,48,1,2,False
322,141,2,2,True
323,423,9,7,False
324,398,8,6,False
325,62,1,1,True
326,84,1,1,True
327,182,3,2,False
328,306,5,4,False
329,8,0,1,False
330,471,11,5,False
331,473,11,5,False
332,115,2,2,True
333,149,2,2,True
334,399,8,5,False
335,138,2,2,True
336,176,3,2,False
337,252,4,3,False
338,49,1,1,True
339,420,9,7,False
340,25,0,0,True
341,74,1,1,True
342,251,4,3,False
343,160,3,2,False
344,302,5,4,False
345,278,5,5,True
346,324,6,5,False
347,88,1,2,False
348,23,0,1,False
349,130,2,1,False
350,368,7,5,False
351,422,9,8,False
352,348,6,8,False
353,478,11,6,False
354,450,10,3,False
355,353,7,3,False
356,123,2,1,False
357,168,3,2,False
358,217,4,2,False
359,9,0,0,True
360,404,8,11,False
361,94,1,0,False
362,320,6,5,False
363,416,8,6,False
364,300,5,3,False
365,34,0,0,True
366,245,4,3,False
367,291,5,2,False
368,50,1,0,False
369,339,6,5,False
370,455,10,9,False
371,15,0,0,True
372,64,1,1,True
373,108,2,2,True
374,201,3,2,False
375,392,8,4,False
376,256,4,5,False
377,405,8,11,False
378,332,6,4,False
379,388,8,11,False
380,355,7,4,False
381,111,2,2,True
382,477,11,6,False
383,270,5,3,False
384,411,8,8,True
385,315,6,2,False
386,350,6,5,False
387,198,3,2,False
388,323,6,5,False
389,453,10,11,False
390,79,1,1,True
391,481,11,2,False
392,451,10,5,False
393,221,4,4,True
394,393,8,9,False
395,254,4,2,False
396,391,8,2,False
397,428,9,6,False
398,443,10,8,False
399,417,8,2,False
400,374,7,7,True
401,465,11,2,False
402,333,6,6,True
403,452,10,5,False
404,314,6,4,False
405,378,7,2,False
406,479,11,8,False
407,107,2,1,False
408,459,10,8,False
409,296,5,2,False
410,243,4,2,False
411,458,10,6,False
412,307,5,5,True
413,329,6,5,False
414,294,5,2,False
415,39,0,0,True
416,16,0,1,False
417,208,3,3,True
418,1,0,0,True
419,371,7,2,False
420,105,2,2,True
421,223,4,4,True
422,194,3,2,False
423,20,0,0,True
424,2,0,0,True
425,373,7,6,False
426,0,0,1,False
427,68,1,1,True
428,327,6,1,False
429,120,2,2,True
430,239,4,2,False
431,122,2,1,False
432,467,11,8,False
433,166,3,2,False
434,126,2,2,True
435,396,8,6,False
436,106,2,2,True
437,426,9,6,False
438,358,7,5,False
439,17,0,0,True
440,263,5,4,False
441,127,2,3,False
442,156,2,4,False
443,440,9,5,False
444,129,2,1,False
445,338,6,3,False
446,377,7,6,False
447,165,3,2,False
448,293,5,2,False
449,298,5,5,True
450,92,1,0,False
451,181,3,2,False
452,434,9,9,True
453,142,2,3,False
454,297,5,4,False
455,408,8,6,False
456,200,3,2,False
457,435,9,9,True
458,409,8,11,False
459,59,1,2,False
460,90,1,1,True
461,58,1,1,True
462,35,0,0,True
463,361,7,3,False
464,359,7,5,False
465,98,2,2,True
466,57,1,1,True
467,305,5,3,False
468,56,1,0,False
469,147,2,2,True
470,163,3,2,False
471,259,4,1,False
472,436,9,6,False
473,271,5,2,False
474,183,3,2,False
475,266,5,2,False
476,36,0,0,True
477,437,9,3,False
478,347,6,6,True
479,357,7,5,False
480,275,5,3,False
481,76,1,1,True
482,244,4,2,False
