,index,label,prediction,FinalLabel
0,41,0,0,True
1,455,10,9,False
2,262,5,5,True
3,145,2,2,True
4,113,2,2,True
5,353,7,5,False
6,38,0,0,True
7,106,2,2,True
8,125,2,2,True
9,73,1,1,True
10,326,6,6,True
11,85,1,1,True
12,75,1,1,True
13,14,0,0,True
14,411,8,8,True
15,33,0,0,True
16,300,5,3,False
17,91,1,2,False
18,205,3,4,False
19,15,0,0,True
20,96,1,0,False
21,16,0,1,False
22,182,3,3,True
23,464,11,6,False
24,462,11,6,False
25,414,8,11,False
26,473,11,11,True
27,53,1,1,True
28,356,7,6,False
29,392,8,5,False
30,447,10,5,False
31,321,6,6,True
32,120,2,2,True
33,396,8,6,False
34,132,2,2,True
35,191,3,3,True
36,134,2,2,True
37,453,10,11,False
38,122,2,1,False
39,437,9,3,False
40,318,6,5,False
41,298,5,5,True
42,166,3,2,False
43,339,6,8,False
44,309,5,4,False
45,149,2,2,True
46,186,3,2,False
47,432,9,5,False
48,137,2,3,False
49,367,7,6,False
50,171,3,2,False
51,482,11,5,False
52,266,5,2,False
53,461,10,8,False
54,385,7,3,False
55,249,4,2,False
56,438,9,6,False
57,450,10,3,False
58,320,6,5,False
59,218,4,3,False
60,181,3,2,False
61,315,6,2,False
62,285,5,5,True
63,278,5,5,True
64,92,1,0,False
65,270,5,5,True
66,354,7,5,False
67,258,4,2,False
68,83,1,1,True
69,90,1,1,True
70,479,11,8,False
71,180,3,2,False
72,299,5,2,False
73,431,9,8,False
74,146,2,4,False
75,136,2,2,True
76,68,1,1,True
77,19,0,0,True
78,10,0,0,True
79,429,9,9,True
80,365,7,6,False
81,104,2,2,True
82,328,6,5,False
83,60,1,1,True
84,308,5,6,False
85,30,0,0,True
86,206,3,4,False
87,478,11,8,False
88,273,5,3,False
89,67,1,0,False
90,224,4,5,False
91,189,3,2,False
92,271,5,2,False
93,244,4,2,False
94,470,11,5,False
95,457,10,10,True
96,143,2,2,True
97,48,1,4,False
98,366,7,9,False
99,243,4,3,False
100,284,5,4,False
101,147,2,2,True
102,119,2,2,True
103,86,1,1,True
104,417,8,2,False
105,252,4,3,False
106,150,2,1,False
107,169,3,2,False
108,336,6,5,False
109,165,3,2,False
110,77,1,1,True
111,178,3,2,False
112,63,1,1,True
113,301,5,5,True
114,44,1,0,False
115,28,0,0,True
116,18,0,0,True
117,234,4,2,False
118,198,3,2,False
119,305,5,4,False
120,282,5,6,False
121,340,6,5,False
122,465,11,2,False
123,168,3,2,False
124,172,3,2,False
125,389,8,0,False
126,423,9,7,False
127,422,9,8,False
128,310,5,4,False
129,157,2,2,True
130,51,1,2,False
131,351,6,5,False
132,20,0,0,True
133,334,6,5,False
134,376,7,5,False
135,220,4,2,False
136,344,6,1,False
137,155,2,2,True
138,312,6,4,False
139,268,5,2,False
140,289,5,4,False
141,427,9,11,False
142,338,6,5,False
143,413,8,4,False
144,379,7,5,False
145,333,6,8,False
146,21,0,0,True
147,0,0,1,False
148,387,8,5,False
149,259,4,1,False
150,35,0,0,True
151,329,6,6,True
152,260,4,2,False
153,302,5,4,False
154,433,9,11,False
155,342,6,4,False
156,362,7,6,False
157,81,1,1,True
158,388,8,9,False
159,204,3,3,True
160,256,4,4,True
161,27,0,0,True
162,307,5,5,True
163,232,4,2,False
164,363,7,7,True
165,36,0,0,True
166,378,7,2,False
167,360,7,6,False
168,79,1,1,True
169,257,4,2,False
170,144,2,2,True
171,57,1,1,True
172,390,8,5,False
173,275,5,2,False
174,82,1,1,True
175,7,0,0,True
176,444,10,7,False
177,31,0,0,True
178,175,3,2,False
179,397,8,6,False
180,292,5,5,True
181,343,6,6,True
182,332,6,5,False
183,239,4,2,False
184,406,8,5,False
185,140,2,3,False
186,193,3,2,False
187,314,6,3,False
188,454,10,9,False
189,418,8,6,False
190,306,5,5,True
191,127,2,3,False
192,9,0,1,False
193,22,0,0,True
194,459,10,8,False
195,421,9,6,False
196,95,1,1,True
197,358,7,5,False
198,117,2,2,True
199,469,11,3,False
200,335,6,6,True
201,380,7,7,True
202,251,4,3,False
203,240,4,2,False
204,116,2,1,False
205,361,7,5,False
206,190,3,1,False
207,156,2,5,False
208,410,8,11,False
209,230,4,2,False
210,88,1,1,True
211,199,3,3,True
212,428,9,9,True
213,327,6,1,False
214,17,0,0,True
215,290,5,2,False
216,372,7,5,False
217,347,6,6,True
218,209,3,2,False
219,471,11,5,False
220,405,8,9,False
221,64,1,1,True
222,242,4,3,False
223,386,7,6,False
224,222,4,4,True
225,194,3,2,False
226,279,5,2,False
227,154,2,1,False
228,247,4,2,False
229,237,4,5,False
230,121,2,2,True
231,384,7,8,False
232,203,3,2,False
233,441,9,3,False
234,481,11,3,False
235,345,6,4,False
236,412,8,5,False
237,317,6,4,False
238,374,7,7,True
239,138,2,2,True
240,45,1,1,True
241,319,6,5,False
242,346,6,5,False
243,415,8,6,False
244,398,8,6,False
245,71,1,1,True
246,451,10,6,False
247,202,3,2,False
248,102,2,1,False
249,460,10,6,False
250,161,3,2,False
251,24,0,1,False
252,162,3,2,False
253,213,4,2,False
254,452,10,6,False
255,159,3,2,False
256,324,6,3,False
257,225,4,4,True
258,375,7,7,True
259,399,8,6,False
260,241,4,2,False
261,201,3,2,False
262,404,8,11,False
263,160,3,2,False
264,141,2,2,True
265,59,1,1,True
266,50,1,0,False
267,383,7,8,False
268,164,3,2,False
269,37,0,0,True
270,217,4,2,False
271,179,3,2,False
272,112,2,2,True
273,197,3,2,False
274,313,6,6,True
275,458,10,8,False
276,267,5,4,False
277,456,10,5,False
278,409,8,11,False
279,110,2,1,False
280,466,11,11,True
281,322,6,5,False
282,355,7,3,False
283,280,5,3,False
284,126,2,2,True
285,177,3,2,False
286,448,10,6,False
287,231,4,3,False
288,93,1,1,True
289,107,2,2,True
290,84,1,1,True
291,425,9,11,False
292,475,11,11,True
293,291,5,2,False
294,183,3,3,True
295,8,0,1,False
296,188,3,3,True
297,170,3,2,False
298,89,1,1,True
299,40,0,0,True
300,408,8,9,False
301,283,5,2,False
302,253,4,2,False
303,359,7,11,False
304,151,2,2,True
305,468,11,11,True
306,394,8,2,False
307,23,0,1,False
308,369,7,5,False
309,70,1,1,True
310,26,0,1,False
311,303,5,6,False
312,264,5,3,False
313,277,5,3,False
314,391,8,2,False
315,350,6,5,False
316,123,2,2,True
317,130,2,1,False
318,139,2,2,True
319,248,4,4,True
320,297,5,5,True
321,286,5,3,False
322,436,9,9,True
323,474,11,6,False
324,254,4,4,True
325,477,11,11,True
326,294,5,2,False
327,74,1,1,True
328,142,2,4,False
329,76,1,1,True
330,325,6,6,True
331,226,4,5,False
332,373,7,11,False
333,311,6,6,True
334,1,0,0,True
335,80,1,1,True
336,228,4,5,False
337,316,6,9,False
338,210,3,2,False
339,446,10,9,False
340,54,1,0,False
341,100,2,2,True
342,5,0,0,True
343,416,8,6,False
344,114,2,2,True
345,78,1,1,True
346,131,2,2,True
347,295,5,2,False
348,364,7,3,False
349,382,7,3,False
350,443,10,11,False
351,167,3,2,False
352,223,4,4,True
353,153,2,2,True
354,255,4,3,False
355,323,6,6,True
356,212,3,3,True
357,101,2,2,True
358,187,3,2,False
359,235,4,4,True
360,246,4,5,False
361,200,3,2,False
362,163,3,1,False
363,11,0,1,False
364,480,11,6,False
365,287,5,3,False
366,357,7,4,False
367,265,5,5,True
368,330,6,9,False
369,472,11,11,True
370,65,1,1,True
371,128,2,2,True
372,32,0,0,True
373,272,5,5,True
374,42,0,0,True
375,430,9,9,True
376,419,9,8,False
377,420,9,5,False
378,229,4,2,False
379,135,2,2,True
380,337,6,10,False
381,245,4,4,True
382,129,2,1,False
383,133,2,3,False
384,61,1,1,True
385,341,6,4,False
386,173,3,2,False
387,402,8,6,False
388,99,2,1,False
389,476,11,11,True
390,109,2,1,False
391,215,4,2,False
392,195,3,3,True
393,381,7,6,False
394,293,5,2,False
395,214,4,2,False
396,174,3,2,False
397,34,0,0,True
398,66,1,1,True
399,6,0,0,True
400,426,9,6,False
401,13,0,0,True
402,12,0,0,True
403,276,5,4,False
404,176,3,2,False
405,94,1,0,False
406,69,1,1,True
407,377,7,6,False
408,261,5,6,False
409,46,1,1,True
410,439,9,11,False
411,331,6,4,False
412,105,2,2,True
413,216,4,2,False
414,371,7,4,False
415,87,1,1,True
416,29,0,0,True
417,434,9,11,False
418,403,8,5,False
419,274,5,2,False
420,56,1,0,False
421,288,5,4,False
422,393,8,9,False
423,304,5,4,False
424,103,2,2,True
425,148,2,2,True
426,124,2,2,True
427,401,8,2,False
428,196,3,4,False
429,4,0,0,True
430,407,8,5,False
431,400,8,10,False
432,227,4,2,False
433,221,4,5,False
434,47,1,0,False
435,269,5,5,True
436,238,4,2,False
437,435,9,11,False
438,43,0,0,True
439,463,11,5,False
440,39,0,1,False
441,211,3,2,False
442,2,0,0,True
443,208,3,4,False
444,62,1,1,True
445,349,6,6,True
446,72,1,1,True
447,233,4,2,False
448,192,3,5,False
449,263,5,6,False
450,281,5,2,False
451,395,8,5,False
452,55,1,0,False
453,98,2,4,False
454,58,1,1,True
455,52,1,1,True
456,219,4,2,False
457,296,5,2,False
458,236,4,3,False
459,158,2,2,True
460,108,2,2,True
461,424,9,6,False
462,368,7,3,False
463,207,3,3,True
464,152,2,2,True
465,440,9,11,False
466,442,9,5,False
467,185,3,2,False
468,115,2,2,True
469,97,2,2,True
470,445,10,6,False
471,49,1,1,True
472,3,0,0,True
473,449,10,8,False
474,370,7,6,False
475,25,0,0,True
476,250,4,2,False
477,467,11,11,True
478,348,6,8,False
479,352,6,3,False
480,118,2,2,True
481,111,2,2,True
482,184,3,2,False
